,,,,,,,,,,
,compdeep合同会社　経費 管理表,,,,,,,,,
,2025年分,,,,,,,,,
,,日,支払先・内容等,該当項目,金額,備考,   TTM,,,
,4,１,市営地下鉄TMB（T-casual）,旅費交通費,"2,312",バルセロナ市内移動用 地下鉄・バス10回券（塩谷用）,184.22,,,
,4,１,市営地下鉄TMB（T-casual）,旅費交通費,"2,312",バルセロナ市内移動用 地下鉄・バス10回券（Cormac用）,,,,
,4,1,QuickNode,通信費,"14,832",クラウドストレージ,149.82,,$99.00,
,4,2,Mailgun inc.,通信費,"5,660",オンラインマーケティング,,,,
,4,3,Glovo,会議費,"7,254",shinoViプロジェクト打ち合わせ（４名）,161.06,,€45.04,
,4,6,Google play Japan　　,通信費,290,クラウドストレージ,,,,
,4,6,Freelancer,外注工賃,"13,873",グラフィックデザイン,146.03,,$95.00,
,4,6,Discord,通信費,"4,044",オンラインマーケティング,146.03,,$27.69,
,4,10,Glovo,会議費,"2,987",metagamiプロジェクト打ち合わせ（2名）,161.35,,"€18,51",
,4,13,Freelancer,外注工賃,"9,330",グラフィックデザイン,143.54,,$65.00,
,4,15,PETIT POT,会議費,"8,149",Absolute Internshipプロジェクト打ち合わせ（5名）,162.66,,,
,4,10,サマリーポケット,雑費,"2,236",備品倉庫,,,,
,4,16,Som Energia Sccl,光熱費,"36,691",インターネット・電気,161.70,,€226.91,
,4,11,Bockade Labs,通信費,"3,445",クラウドコンピューティング,143.54,,$24.00,
,4,16,Glovo,会議費,"3,981",metagamiプロジェクト打ち合わせ（2名）,161.70,,"€24,62",
,4,17,Tripo AI,通信費,"2,836",クラウドコンピューティング,142.53,,$19.90,
,4,20,Midjourney Inc,通信費,"5,257",オンラインマーケティング,142.46,,$36.90,
,4,20,Freelancer,外注工賃,"14,246",グラフィックデザイン,142.46,,$100.00,
,4,22,QATAR Airways,旅費交通費,"837,396",出張フライト,161.88,,"€5,172.94",
,4,23,Glovo,会議費,"7,652",metagamiプロジェクト打ち合わせ（2名）,161.82,,47.29€,
,4,25,Glovo,会議費,"8,493",metagamiプロジェクト打ち合わせ（2名）,162.52,,52.26€,
,4,25,vodafone,旅費交通費,"9,132",携帯（Cormac分）,162.52,,56.19€,
,4,27,Freelancer,外注工賃,"14,311",グラフィックデザイン,143.11,,$100.00,
,4,28,El Corte Ingles,消耗品費,"31,349",ワークチェア(２脚）,163.14,,,
,4,28,Bockade Labs,通信費,"1,293",クラウドコンピューティング,143.66,,$9.00,
,4,26,vodafone,通信費,"9,558",携帯電話（塩谷 分）,162.52,,58.81€,
,4,30,携帯代,通信費,"5,756",ドコモ,,,,
,4,30,Goolge Cloud,通信費,"46,335",クラウドコンピューティング,162.17,,€285.72,
,4,25,給与,給料賃金,"250,000",Cormac Guerin分,,,,
,4,25,給与,給料賃金,"250,000",塩谷分,,,,
,4,3,社会保険料,法定福利費,"157,456",,,,,
,,,,,,,,,,
,5,1,QuickNode,通信費,"14,163",クラウドストレージ,143.06,,$99.00,
,5,2,Mailgun inc.,通信費,"5,660",オンラインマーケティング,,,,
,5,2,EPIC Games,通信費,"11,461",3Dキャラクターモデル,164.65,,€69.61,
,5,2,EL Corte Ingles,消耗品費,"4,775",マウス,164.65,,,
,5,3,ヴィラフォンテーヌグランド羽田,旅費交通費,"13,600",１泊／２名分／東京出張,,,,
,5,4,JR東海	,旅費交通費,"23,000",新幹線代／２名分／東京出張,,,,
,5,4,Freelancer,外注工賃,"14,599",グラフィックデザイン,145.99,,$100.00,
,5,4,東京ギフトパレット,接待交際費,"1,728",,,,,
,5,4,東京ギフトパレット,接待交際費,"1,080",,,,,
,,,,消耗品費,,,,,,
,5,4,グリーンキャブ,旅費交通費,600,荷物搬送／２名乗車,,,,
,5,4,Shari ,会議費,"6,600",Metagamiプロジェクト打ち合わせ（4名）,,,,
,5,5,元町珈琲,会議費,"4,380",Metagamiプロジェクト打ち合わせ（５名）,,,,
,5,5,イオン,広告宣伝費,"12,386",イベント用配布用小物（宣伝用）,,,,
,5,6,フィール,消耗品費,"2,581",梱包資材,,,,
,5,6,サンドラッグ,消耗品費,"13,544",備品購入,,,,
,5,6,Discord,通信費,"4,042",オンラインマーケティング,145.99,,$27.69,
,5,6,Google play Japan　　,通信費,290,クラウドストレージ,,,,
,5,9,ハマユウ,会議費,"4,565",社内ミーティング/４名（Metagamiプロジェクトの進捗確認）,,,,
,5,9,あかのれん,消耗品費,"5,665",イベントで使う作業着／梱包資材,,,,
,,,,,,,,,,
,5,10,MITSUKOSHI,接待交際費,"1,512",手土産代,,,,
,5,10,MITSUKOSHI,接待交際費,"1,080",手土産代,,,,
,5,10,MITSUKOSHI,接待交際費,"1,620",手土産代,,,,
,5,10,Matsuzakaya,接待交際費,"1,620",手土産代,,,,
,5,10,ハンズ,消耗品費,"9,425",荷物運搬用キャリーケース,,,,
,5,11,ハンズ,消耗品費,"5,818",イベントで使う工具,,,,
,5,11,ハンズ,消耗品費,"1,980",文房具,,,,
,5,11,ハンズ,消耗品費,"3,838",モニター接続ケーブル（HDMI/DisplayPort）,,,,
,5,11,コメダ珈琲,会議費,"1,750",,,,,
,5,11,Freelancer,外注工賃,"14,582",グラフィックデザイン,145.82,,$100.00,
,5,11,Bockade Labs,通信費,"3,500",クラウドコンピューティング,145.82,,$24.00,
,5,12,サマリーポケット,雑費,"2,236",備品倉庫,,,,
,5,13,ピアゴ,,"3,926",,,,,
,5,14,日本郵便株式会社,荷造運賃,"4,550",荷物発送（２個）,,,,
,5,14,天野タクシー,旅費交通費,"1,600",荷物搬送／２名,,,,
,5,14,東海旅客鉄道株式会社,旅費交通費,"1,000",交通系ICカードチャージ（業務移動用）,,,,
,5,14,JR東海	,旅費交通費,"5,820",新幹線代／１名分／京都出張,,,,
,5,15,ダイマル京都店,,"17,600",手土産代,,,,
,5,15,	ホテルビスタプレミオ京都 和邸,旅費交通費,"61,090",3泊／２名分／京都・大阪出張,,,,
,5,15,神乃珈琲,会議費,"1,300",,,,,
,5,15,ヨドバシカメラ,消耗品費,"7,573",,,,,
,5,15,ヨドバシカメラ,修繕費,"9,636",バッテリー交換,,,,
,5,15,ヨドバシカメラ,消耗品費,"9,240",外付けSSD（データ保存・バックアップ用）,,,,
,5,16,特急券,旅費交通費,"2,580",新大阪→京都（２名分）,,,,
,5,16,EXPO2025,会議費,"1,880",事前打ち合わせ（2名分),,,,
,5,16,EXPO2025,広告宣伝費,"12,000",大阪万博入場料２名分,,,,
,5,16,Som Energia Sccl,光熱費,"27,656",インターネット・電気,162.58,,€170.11,
,5,16,濱崎タクシー,旅費交通費,"1,500",荷物搬送／２名,,,,
,5,16,セブンイレブン,雑費,"1,132",コピー、スキャン,,,,
,5,17,京家きよみず,接待交際費,"10,945",,,,,
,5,17,リッチモンドホテルプレミア京都四条,旅費交通費,"60,480",2泊／２名分／京都・大阪出張,,,,
,5,17,リッチモンドホテルプレミア京都四条,旅費交通費,800,2泊／２名分／宿泊税,,,,
,5,17,MICASADECO & CAFE ,接待交際費,"4,160",,,,,
,5,17,ヨドバシカメラ,消耗品費,"14,124",SDカードアダプター,,,,
,5,17,ヨドバシカメラ,消耗品費,"7,970",モニターライト,,,,
,5,17,ギオン自動車株式会社,旅費交通費,"1,000",荷物搬送／２名,,,,
,5,17,Tripo AI,通信費,"2,887",クラウドコンピューティング,145.08,,$19.90,
,5,18,大丸京都店,接待交際費,"2,039",贈答品代（手土産）,,,,
,5,18,祇園 北川半兵衛 ,接待交際費,"1,900",,,,,
,5,18,ヨドバシカメラ,備品,"129,888",事業用スマートフォン（旧端末故障による買い替え）,,,,
,5,18,Laqueきょうと時計宝石修理研究所,修繕費,"1,100",,,,,
,5,18,Freelancer,外注工賃,"14,508",グラフィックデザイン,145.08,,$100.00,
,5,19,洛陽交通,旅費交通費,"1,600",荷物搬送／２名,,,,
,5,19,DAISO,消耗品費,"1,650",,,,,
,5,19,丸橋,接待交際費,"11,330",,,,,
,5,19,祇園 北川半兵衛 ,接待交際費,"3,500",,,,,
,5,20,ギオン自動車株式会社,旅費交通費,"1,500",荷物搬送／２名,,,,
,5,20,Midjourney Inc,通信費,"5,362",オンラインマーケティング,145.32,,$36.90,
,5,20,京都第一交通,旅費交通費,"2,000",荷物搬送／２名,,,,
,5,20,うえもり,接待交際費,"11,770",カタルーニャ州政府観光局担当者Raül氏との事業打ち合わせのため（４名）,,,,
,5,20,クロスホテル京都,旅費交通費,"31,200",1泊／２名分／京都・大阪出張,,,,
,5,21,ユニクロ,消耗品費,"8,980",イベント用衣装、小物,,,,
,5,21,クロスホテル京都,旅費交通費,"22,800",1泊／２名分／京都・大阪出張,,,,
,5,21,クロスホテル京都,荷造運賃,"4,540",出張荷物・商談資料の転送代 2個,,,,
,5,21,クロスホテル京都,旅費交通費,400,宿泊税,,,,
,5,21,山城ヤサカ交通㈱,旅費交通費,"2,100",荷物搬送／２名,,,,
,5,21,銀座アスター,,"8,910",,,,,
,,,,,,,,,,
,5,20,マツヤ,,"8,910",,,,,
,5,21,マツモトキヨシ,消耗品費,"2,142",,,,,
,5,21,ユニクロ,消耗品費,"2,300",イベント出展時、小物,,,,
,5,21,東京メトロ,旅費交通費,"1,000",,,,,
,5,21,JR東海	,旅費交通費,"27,940",新幹線代／２名分／東京出張,,,,
,5,22,国際自動車㈱,旅費交通費,"1,200",荷物搬送／２名,,,,
,5,22,酢重ダイニング,,"13,322",,,,,
,5,22,ルミネ有楽町店,,"16,500",,,,,
,5,22,The gate hotel,旅費交通費,"65,840",2泊／２名分／東京出張,,,,
,5,23,The gate hotel,旅費交通費,800,宿泊税,,,,
,5,25,EXPO2025,会議費,"7,500",大阪万博入場料1名分（カタルーニャ州政府観光局担当者Raül氏との事業打ち合わせのため）,,,,
,5,23,東京風月堂,会議費,"5,170",Matagamiプロジェクト事前打ち合わせ（4名）,,,,
,5,23,ヤマト運輸,荷造運賃,"4,540",出張荷物・商談資料の転送代 2個,,,,
,5,23,JR東海	,旅費交通費,"11,000",1泊／２名分／東京出張,,,,
,5,24,ザ・ライブリー大阪本町,旅費交通費,"101,890円",３泊／1名分／大阪出張,,,,
,5,24,ヤマト運輸,通信費,"4,540",荷物配送代（大阪出張から東京の宿泊先・作業先へ、機材および資料の送付）,,,,
,5,25,EXPO2025,広告宣伝費,"7,500",大阪万博入場料1名分,,,,
,5,25,Freelancer,外注工賃,"14,391",グラフィックデザイン,143.91,,$100.00,
,5,26,JR東海	,旅費交通費,"6,480円",新幹線代／1名分／大阪出張,,,,
,5,26,ヨドバシカメラ,消耗品費,"54,800",ノートパソコン（業務・開発用）,,,,
,5,26,ヨドバシカメラ,消耗品費,"3,593",USB-C ハブ,,,,
,5,26,vodafone,通信費,"9,565",携帯電話（塩谷 分）,162.64,,58.81€,
,5,26,和Sakura,接待交際費,"4,040",手土産,,,,
,5,27,Glovo,会議費,"5,259",metagamiプロジェクト打ち合わせ（2名）,162.33,,"32,40€",
,5,26,Vodafone（Cormac分）,通信費,"9,139",携帯電話,162.64,,56.19€,
,5,28,Bockade Labs,通信費,"1,297",クラウドコンピューティング,144.06,,$9.00,
,5,30,Toscal,会議費,"4,956",,163.57,,,
,5,31,ドコモ（塩谷分）,通信費,"6,966",携帯電話,,,,
,5,30,市営地下鉄TMB（T-casual）,旅費交通費,"2,312",バルセロナ市内移動用 地下鉄・バス10回券（塩谷用）,184.22,,,
,5,30,市営地下鉄TMB（T-casual）,旅費交通費,"2,312",バルセロナ市内移動用 地下鉄・バス10回券（Cormac用）,,,,
,5,25,給与,給料賃金,"250,000",Cormac Guerin分,,,,
,5,25,給与,給料賃金,"250,000",塩谷分,,,,
,5,3,社会保険料,法定福利費,"157,456",,,,,
,5,31,Goolge Cloud,通信費,"37,894",クラウドコンピューティング,163.57,,€231.67,
,,,,,,,,,,
,,,,,,,,,,
,6,1,QuickNode,通信費,"7,050",クラウドストレージ,143.87,,$49.00,
,6,2,Mailgun inc.,通信費,"5,660",オンラインマーケティング,,,,
,6,2,ドコモ,通信費,"17,306",携帯電話,,,,
,6,2,Glovo,会議費,"3,940",metagamiプロジェクト打ち合わせ（2名）,163.36,,24.12€,
,6,3,Alchemy Insights,通信費,"7,898",クラウドコンピューティング,170.62,,,
,6,1,Freelancer,外注工賃,"14,387",グラフィックデザイン,143.87,,$100.00,
,6,4,Glovo,会議費,"4,906",metagamiプロジェクト打ち合わせ（2名）,163.90,,29.93€,
,6,5,,,,,,,,
,6,3,LA PAU coworking ,会議費,"1,365",プロジェクターなどの備品レンタル代,170.62,,,
,6,3,市営地下鉄TMB（T-casual）,旅費交通費,"2,312",バルセロナ市内移動用 地下鉄・バス10回券（塩谷用）,184.22,,,
,6,3,市営地下鉄TMB（T-casual）,旅費交通費,"2,312",バルセロナ市内移動用 地下鉄・バス10回券（Cormac用）,,,,
,6,4,タクシー,旅費交通費,"2,203",荷物搬送／２名乗車,170.8,,,
,6,5,Google play Japan　　,通信費,250,クラウドストレージ,,,,
,6,6,Discord,通信費,"3,981",オンラインマーケティング,143.76,,$27.69,
,6,7,市営地下鉄TMB,旅費交通費,"1,730",往復（2名）,169.69,,,
,6,8,Glovo,会議費,,metagamiプロジェクト打ち合わせ（2名）,,,15.12 euro,
,6,8,Freelancer,外注工賃,"14,376",グラフィックデザイン,143.76,,$100.00,
,6,9,谷澤佳彦税理士事務所,雑費,"99,790",確定申告費用,,,,
,6,10,Glovo,会議費,,metagamiプロジェクト打ち合わせ（2名）,,,17.78 euro,
,6,10,サマリーポケット,雑費,"2,236",備品倉庫,,,,
,6,10,El Corte Ingles,消耗品費,"13,445",3Dプリント用スプールフィラメント,169.23,,,
,6,11,Bockade Labs,通信費,"3,479",クラウドコンピューティング,144.94,,$24.00,
,6,12,Glovo,会議費,"3,841",metagamiプロジェクト打ち合わせ（2名）,166.06,,23.13€,
,6,15,Freelancer,外注工賃,"14,308",グラフィックデザイン,143.08,,$100.00,
,6,16,Som Energia Sccl,光熱費,"9,935",インターネット・電気,166.56,,"€59,65",
,6,16,Glovo,会議費,"2,835",metagamiプロジェクト打ち合わせ（2名）,166.56,,17.02€,
,6,17,Hotel Pulitzer,会議費,"3,794",Metagamiプロジェクト打ち合わせ（3名）,168.64,,,
,6,17,Tripo AI,通信費,"2,887",クラウドコンピューティング,145.08,,$19.90,
,6,18,Kinore Ltd.,外注工賃,"165,788",スタートアップコンプライアンスのための初期費用,169.33,,,
,6,18,El Corte Ingles,消耗品費,"13,638",3Dプリント用スプールフィラメント,169.33,,,
,6,18,Glovo,会議費,"3,624",metagamiプロジェクト打ち合わせ（2名）,167.02,,21.70€,
,6,20,Glovo,会議費,"3,170",metagamiプロジェクト打ち合わせ（2名）,167.47,,18.93€,
,6,20,Google storage,通信費,"1,336",クラウドストレージ,169.97,,,
,6,20,Midjourney Inc,通信費,"5,363",オンラインマーケティング,145.35,,$36.90,
,6,22,Glovo,会議費,"2,845",metagamiプロジェクト打ち合わせ（2名）,167.47,,16.99€,
,6,23,vodafone,通信費,"11,128",携帯（Cormac 分）,168.20,,66.16€,
,6,26,vodafone,通信費,"9,943",携帯電話（塩谷 分）,169.07,,58.81€,
,6,25,El Corte Ingles,消耗品費,"9,698",外付けSSD,168.63,,,
,6,27,Time Out,接待交際費,"3,466",Metagamiプロジェクト打ち合わせ（３名）,169.07,,,
,6,28,Bockade Labs,通信費,"1,301",クラウドコンピューティング,144.58,,$9.00,
,6,24,Federal ,会議費,"4,984",コワーキングスペース利用料（執務場所および商談スペースとして）,168.95,,,
,6,25,給与,給料賃金,"250,000",Cormac Guerin分,,,,
,6,25,給与,給料賃金,"250,000",塩谷分,,,,
,6,3,社会保険料,法定福利費,"157,456",,,,,
,6,29,Freelancer,外注工賃,"14,458",グラフィックデザイン,144.58,,$100.00,
,6,30,Goolge Cloud,通信費,"45,311",クラウドコンピューティング,169.66,,€267.07,
,6,30,ドコモ,通信費,"9,812",携帯電話,,,,
,,,,,,,,,,
,,,,,,,,,,
,,,,,,,,,,
,7,1,QuickNode,通信費,"7,041",クラウドストレージ,143.69,,$49.00,
,7,1,ドコモ,通信費,"5,756",携帯代（塩谷分）,,,,
,7,１,市営地下鉄TMB（T-casual）,旅費交通費,"2,312",バルセロナ市内移動用 地下鉄・バス10回券（塩谷用）,184.22,,,
,7,１,市営地下鉄TMB（T-casual）,旅費交通費,"2,312",バルセロナ市内移動用 地下鉄・バス10回券（Cormac用）,,,,
,7,2,Mailgun inc.,通信費,"5,660",オンラインマーケティング,,,,
,7,2,Glovo,会議費,"3,956",metagamiプロジェクト打ち合わせ（2名）,169.58,,23.33€,
,7,3,Alchemy Insights,通信費,"8,113",クラウドコンピューティング,173.73,,,
,7,5,Google play Japan　　,通信費,250,クラウドストレージ,,,,
,7,6,Discord,通信費,"4,005",オンラインマーケティング,144.63,,$27.69,
,7,6,Freelancer,外注工賃,"14,463",グラフィックデザイン,144.63,,$100.00,
,7,7,Federal ,会議費,"4,644",コワーキングスペース利用料（執務場所および商談スペースとして）,170.11,,,
,7,10,サマリーポケット,雑費,"2,236",備品倉庫,,,,
,7,11,Youtube,広告宣伝費,"4,378",オンラインマーケティング,175.2,,,
,7,11,Bockade Labs,通信費,"3,520",クラウドコンピューティング,146.66,,$24.00,
,7,12,Glovo,会議費,"2,614",metagamiプロジェクト打ち合わせ（2名）,171.06,,15.28€,
,7,12,WebverseAI,通信費,"3,255",クラウドコンピューティング,172.94,,,
,7,15,Kinore Ltd.,外注工賃,"42,331",コンプライアンスコンサルティングサービス,172.94,,,
,7,16,Glovo,会議費,"4,611",metagamiプロジェクト打ち合わせ（2名）,173.02,,26.65€,
,7,17,Som Energia Sccl,光熱費,"21,989",インターネット・電気,172.52,,€127.46,
,7,17,Tripo AI,通信費,"2,955",クラウドコンピューティング,148.51,,$19.90,
,7,18,Honest greens,会議費,"3,775",Metagamiプロジェクト打ち合わせ（3名）,170.43,,,
,7,20,Midjourney Inc,通信費,"5,487",オンラインマーケティング,148.69,,$36.90,
,7,21,Glovo,会議費,"2,846",metagamiプロジェクト打ち合わせ（2名）,172.79,,16.47€,
,7,22,La PAU coworking ,会議費,"3,261",プロジェクターなどの備品レンタル代,171.62,,,
,7,25,vodafone,通信費,"10,188",携帯電話（塩谷 分）,173.23,,58.81€,
,7,25,Vodafone,通信費,,携帯電話（Cormac 分）,,,56.19,
,7,26,Storage Tokyo,雑費,"77,780",オフィス用品／販促ツール等収納倉庫,,,,
,7,28,Bockade Labs,通信費,"1,330",クラウドコンピューティング,147.77,,$9.00,
,7,30,Glovo,会議費,"4,345",metagamiプロジェクト打ち合わせ（2名）,171.42,,25.35€,
,7,31,ドコモ,通信費,"6,548",携帯電話（塩谷分）,,,,
,7,25,給与,給料賃金,"250,000",Cormac Guerin分,,,,
,7,25,給与,給料賃金,"250,000",塩谷分,,,,
,7,3,社会保険料,法定福利費,"157,456",,,,,
,7,31,Goolge Cloud,通信費,"40,451",クラウドコンピューティング,170.75,,€236.90,
,,,,,,,,,,
,,,,,,,,,,
,,,,,,,,,,
,8,1,市営地下鉄TMB,旅費交通費,"1,652",往復（２名）,,,,
,8,1,QuickNode,通信費,"7,389",クラウドストレージ,150.79,,$49.00,
,8,2,Mailgun inc.,通信費,"5,233",オンラインマーケティング,161.35,,,
,8,3,Blooms Hotel,会議費,"6,454",Raredexプロジェクト打ち合わせ（4名）,161.35,,,
,8,3,Eurowings,旅費交通費,"61,985",出張航空運賃（2名）,172.19,,359.98€,
,8,5,Google play Japan　　,通信費,290,クラウドストレージ,,,,
,8,5,Glovo,会議費,"4,312",thumpr.xyzプロジェクト打ち合わせ（2名）,170.10,,25.35€,
,8,5,Dylan ,会議費,"15,690",Raredexプロジェクト打ち合わせ（4名）,158.81,,,
,8,6,Discord,通信費,"4,088",オンラインマーケティング,147.63,,$27.69,
,8,10,市営地下鉄TMB,旅費交通費,"1,644",往復（2名）,161.14,,,
,8,10,ＥＬ　ＣＯＲＴＥ　ＩＮＧＬＥＳ　,消耗品費,"15,149",3Dプリント用スプールフィラメント,161.14,,,
,8,11,Bockade Labs,通信費,"3,534",クラウドコンピューティング,147.26,,$24.00,
,8,12,サマリーポケット,雑費,"2,236",備品倉庫,161.04,,,
,8,13,Wizzair,旅費交通費,"88,540",出張航空運賃（2名）,172.66,,"€512,80",
,8,13,Trainline,旅費交通費,"31,908",列車の運賃（2名）,172.66,,€184.80,
,8,13,Hirschen Hotel GmbH,接待交際費,"88,091",,172.66,,"€510,20",
,8,2,市営地下鉄TMB（T-casual）,旅費交通費,"2,312",バルセロナ市内移動用 地下鉄・バス10回券（塩谷用）,184.22,,,
,8,2,市営地下鉄TMB（T-casual）,旅費交通費,"2,312",バルセロナ市内移動用 地下鉄・バス10回券（Cormac用）,,,,
,8,15,ロンドン地下鉄（London Underground Limited）,旅費交通費,"7,073",ロンドン地下鉄回数券運賃（2名分、現地視察・移動のため）,,,,
,8,15,Yauatcha London,旅費交通費,,,,,£89.39,
,8,15,Som Energia Sccl,光熱費,"21,811",インターネット・電気,172.01,,€126.80,
,8,16,Winder Garden,調査研究費,"33,718",Winter Garden 視察（ツーリズム・プロジェクトの先行事例調査および現地ティー文化の体験リサーチのため,199.81(英ポンド）,,,
,8,17,Tripo AI,通信費,"2,938",クラウドコンピューティング,147.66,,$19.90,
,8,17,Glovo,会議費,"5,066",thumpr.xyzプロジェクト打ち合わせ（2名）,172.01,,29.45€,
,8,17,Montcalm Mayfair,旅費交通費,,,,,GBP1181,
,8,20,TIMEOUT,会議費,"6,025",Metagamiプロジェクト打ち合わせ（4名）,171.9,,,
,8,20,Midjourney Inc,通信費,"5,451",オンラインマーケティング,147.73,,$36.90,
,8,22,Glovo,会議費,"5,995",thumpr.xyzプロジェクト打ち合わせ（2名）,172.46,,34.76€,
,8,25,市営地下鉄TMB,旅費交通費,"1,640",往復（2名）,,,,
,,,,雑費,"22,000",有 川 労 務 管 理 事 務 所 総合事務センター,,,,
,8,26,vodafone,通信費,"10,084",携帯電話（塩谷 分）,171.47,,58.81€,
,8,27,Vodafone,通信費,"9,643",携帯電話（Cormac 分）,171.62,,56.19€,
,8,28,Bockade Labs,通信費,"1,327",クラウドコンピューティング,147.42,,$9.00,
,8,29,Kinore Ltd.,雑費,"181,633",バーチャルオフィス契約／使用料,160.86,,,
,8,25,給与,給料賃金,"250,000",Cormac Guerin分,,,,
,8,25,給与,給料賃金,"250,000",塩谷分,,,,
,9,3,社会保険料,法定福利費,"157,456",,,,,
,8,30,Glovo,会議費,"5,960",enbarr.aiプロジェクト打ち合わせ（2名）,171.47,,34.76€,
,8,31,Goolge Cloud,通信費,"36,185",クラウドコンピューティング,171.47,,€211.03,
,,,,,,,,,,
,,,,,,,,,,
,9,1,QuickNode,通信費,"7,217",クラウドストレージ,147.28,,$49.00,
,9,1,ドコモ,通信費,"9,409",携帯代（塩谷分）,,,,
,9,2,Mailgun inc.,通信費,"5,118",オンラインマーケティング,161.64,,,
,9,3,Glovo,会議費,"2,419",enbarr.aiプロジェクト打ち合わせ（2名）,173.13,,13.97€,
,9,4,Glovo,会議費,"7,324",enbarr.aiプロジェクト打ち合わせ（2名）,172.50,,42.46€,
,9,6,Google play Japan　　,通信費,290,クラウドストレージ,,,,
,9,6,Discord,通信費,"4,105",オンラインマーケティング,148.25,,$27.69,
,9,7,canva,通信費,"1,779",オンラインマーケティング,148.25,,$12.00,
,9,10,サマリーポケット,雑費,"2,236",備品倉庫,,,,
,9,11,Bockade Labs,通信費,"3,541",クラウドコンピューティング,147.56,,$24.00,
,9,11,Glovo,会議費,"2,410",enbarr.aiプロジェクト打ち合わせ（2名）,172.53,,13.97€,
,9,13,Honest Greens,接待交際費,"5,055",Absolute Internshipプロジェクト打ち合わせ（4名）,172.81,,,
,9,15,Som Energia Sccl,光熱費,"21,447",インターネット・電気,172.81,,€124.11,
,9,15,Glovo,会議費,"6,102",enbarr.aiプロジェクト打ち合わせ（2名）,172.81,,35.31€,
,9,2,市営地下鉄TMB（T-casual）,旅費交通費,"2,312",バルセロナ市内移動用 地下鉄・バス10回券（塩谷用）,184.22,,,
,9,2,市営地下鉄TMB（T-casual）,旅費交通費,"2,312",バルセロナ市内移動用 地下鉄・バス10回券（Cormac用）,,,,
,9,17,Tripo AI,通信費,"2,916",クラウドコンピューティング,146.55,,$19.90,
,9,18,Glovo,会議費,"5,999",enbarr.aiプロジェクト打ち合わせ（2名）,173.79,,34.52€,
,9,20,Midjourney Inc,通信費,"5,463",オンラインマーケティング,148.05,,$36.90,
,9,20,Glovo,会議費,"8,624",enbarr.aiプロジェクト打ち合わせ（2名）,174.51,,49.42€,
,9,23,vodafone,通信費,"10,226",携帯電話（塩谷 分）,173.88,,58.81€,
,9,23,Glovo,会議費,"4,236",enbarr.aiプロジェクト打ち合わせ（2名）,173.88,,24.36€,
,9,25,Glovo,会議費,"8,258",enbarr.aiプロジェクト打ち合わせ（2名）,174.69,,47.27€,
,9,25,Intercontinental Dubai Marina,接待交際費,"166,881",4泊／２名分／UAE出張,,,,
,9,26,El Corte Ingles,消耗品費,"13,130",3Dプリント用スプールフィラメント,160.98,,,
,9,26,vodafone,通信費,"9,816",携帯電話（Cormac 分）,174.69,,56.19€,
,9,28,Bockade Labs,通信費,"1,348",クラウドコンピューティング,149.79,,$9.00,
,9,28,Glovo,会議費,"2,543",enbarr.aiプロジェクト打ち合わせ（2名）,174.69,,14.56€,
,9,30,ドコモ,通信費,"5,779",携帯電話（塩谷 分）,159.43,,,
,9,30,EMIRATES,旅費交通費,"129,853",航空券／２名分／UAE出張,159.43,,,
,9,25,給与,給料賃金,"250,000",Cormac Guerin分,,,,
,9,25,給与,給料賃金,"250,000",塩谷分,,,,
,9,3,社会保険料,法定福利費,"157,456",,,,,
,9,30,Goolge Cloud,通信費,"35,747",クラウドコンピューティング,174.47,,€204.89,
,,,,,,,,,,
,,,,,,,,,,
,10,1,QuickNode,通信費,"7,260",クラウドストレージ,148.17,,$49.00,
,10,1,Google Cloud,通信費,"30,087",クラウドコンピューティング,160.38,,,
,10,1,Mailgun inc.,通信費,"5,040",オンラインマーケティング,160.38,,,
,10,3,Alchemy Insights,通信費,"7,393",クラウドコンピューティング,162.41,,,
,10,5,Kling AI,通信費,"11,674",オンラインマーケティング,147.40,,$79.2,
,10,6,Discord,通信費,"4,147",オンラインマーケティング,149.78,,$27.69,
,10,6,Google play Japan　　,通信費,290,クラウドストレージ,,,,
,10,7,canva,通信費,"1,806",オンラインマーケティング,150.47,,$12.00,
,10,7,El Corte Ingles,消耗品費,"9,637",メモリディスクドライブ,162.87,,,
,10,8,expresta,広告宣伝費,"24,469",販促用チラシ,177.40,,"137,93 €",
,10,9,BALUARD,会議費,"4,154",Thumprプロジェクト打ち合わせ（4名）,162.76,,,
,10,9,XAi,通信費,"15,274",クラウドコンピューティング,152.74,,$100.00,
,10,10,Quadspinner,通信費,"29,733",ソフトウェアライセンス,163.45,,,
,10,10,サマリーポケット,雑費,"2,236",備品倉庫,,,,
,10,11,Bockade Labs,通信費,"3,674",クラウドコンピューティング,153.09,,$24.00,
,10,11,Midjourney Inc,通信費,"11,298",オンラインマーケティング,153.09,,$73.80,
,10,11,Glovo,会議費,"11,273",enbarr.aiプロジェクト打ち合わせ（2名）,177.11,,63.65€,
,10,12,Glovo,会議費,"4,173",enbarr.aiプロジェクト打ち合わせ（2名）,177.11,,23.56€,
,10,15,Som Energia Sccl,光熱費,"20,370",インターネット・電気,176.12,,€115.66,
,10,15,X,通信費,"12,740",クラウドコンピューティング,151.67,,$84.00,
,10,17,Tripo AI,通信費,"2,989",クラウドコンピューティング,150.18,,$19.90,
,10,17,Glovo,会議費,"3,353",enbarr.aiプロジェクト打ち合わせ（2名）,175.82,,19.07€,
,10,21,El Corte Ingles,消耗品費,"3,790",モニター接続ケーブル,175.45,,,
,10,2,市営地下鉄TMB（T-casual）,旅費交通費,"2,312",バルセロナ市内移動用 地下鉄・バス10回券（塩谷用）,184.22,,,
,10,2,市営地下鉄TMB（T-casual）,旅費交通費,"2,312",バルセロナ市内移動用 地下鉄・バス10回券（Cormac用）,,,,
,10,24,CGTRADER,外注工賃,"37,233",グラフィックデザイン,164.83,,,
,10,24,CGTRADER,外注工賃,"8,335",グラフィックデザイン,164.83,,,
,10,26,vodafone,通信費,"10,432",携帯電話（塩谷 分）,177.38,,58.81€,
,10,28,株式会社総合事務センター,雑費,"33,000",社会保険加入手続き,165.65,,,
,10,20,Barter Partnership S.L.,広告宣伝費,"44,028",,176.11,,250€,
,10,28,Bockade Labs,通信費,"1,373",クラウドコンピューティング,152.57,,$9.00,
,10,28,Vodafone,通信費,,携帯電話（Cormac 分）,,,56.19,
,10,31,SUNTAKA,会議費,"18,774",Raredexプロジェクト打ち合わせ（5名）,166.73,,,
,10,31,ドコモ,通信費,"5,779",携帯電話（塩谷 分）,,,,
,10,25,給与,給料賃金,"250,000",Cormac Guerin分,,,,
,10,25,給与,給料賃金,"250,000",塩谷分,,,,
,10,31,Goolge Cloud,通信費,"36,848",クラウドコンピューティング,178.31,,€206.65,
,,,,,,,,,,
,,,,,,,,,,
,11,1,QuickNode,通信費,"7,551",クラウドストレージ,154.10,,$49.00,
,11,1,Glovo,会議費,"8,097",enbarr.aiプロジェクト打ち合わせ（2名）,178.31,,45.41€,
,11,2,Mailgun inc.,通信費,"5,322",オンラインマーケティング,165.51,,,
,11,2,EL Corte Ingles,消耗品費,"10,116",SDメモリーカード,165.51,,,
,11,4,Google Cloud,通信費,"39,592",クラウドコンピューティング,165.51,,,
,11,5,Glovo,会議費,"8,001",enbarr.aiプロジェクト打ち合わせ（2名）,176.19,,45.41€,
,11,6,Google play Japan　　,通信費,250,クラウドストレージ,,,,
,11,6,Discord,通信費,"4,265",オンラインマーケティング,154.04,,$27.69,
,11,2,市営地下鉄TMB（T-casual）,旅費交通費,"2,312",バルセロナ市内移動用 地下鉄・バス10回券（塩谷用）,184.22,,,
,11,2,市営地下鉄TMB（T-casual）,旅費交通費,"2,312",バルセロナ市内移動用 地下鉄・バス10回券（Cormac用）,,,,
,11,7,canva,通信費,"1,839",オンラインマーケティング,153.24,,$12.00,
,11,8,EL Corte Ingles,消耗品費,"10,636",メモリディスクドライブ,165.26,,,
,11,10,サマリーポケット,雑費,"2,236",備品倉庫,,,,
,11,11,Bockade Labs,通信費,"3,705",クラウドコンピューティング,154.36,,$24.00,
,11,11,Midjourney Inc,通信費,"11,392",オンラインマーケティング,154.36,,$73.80,
,11,13,Glovo,会議費,"3,111",enbarr.aiプロジェクト打ち合わせ（2名）,179.52,,17.33€,
,11,14,Glovo,会議費,"5,099",enbarr.aiプロジェクト打ち合わせ（2名）,179.92,,28.34€,
,11,17,Tripo AI,通信費,"3,079",クラウドコンピューティング,154.70,,$19.90,
,11,17,Som Energia Sccl,光熱費,"21,708",インターネット・電気,179.51,,€120.93,
,11,18,Toscal,会議費,"4,623",Raredexプロジェクト打ち合わせ（３名）,162.78,,,
,11,19,イオンネットスーパー,雑費,"5,366",お歳暮／株式会社マツモト様,163.61,,,
,11,19,フジテイブイフラワ－ネツト,雑費,"5,280",お歳暮／株式会社マツモト様,163.61,,,
,11,20,Glovo,会議費,"8,302",enbarr.aiプロジェクト打ち合わせ（2名）,181.34,,45.78€,
,11,20,Navarro ,接待交際費,"6,135",供花／Geenconflict様,164.27,,,
,11,20,市営地下鉄TMB,旅費交通費,"1,676",往復（2名）,164.27,,,
,11,23,PORT BAY,会議費,"5,090",Raredexプロジェクト打ち合わせ（4名）,161.84,,,
,11,24,Vodafone,通信費,"10,205",携帯電話（Cormac 分）,181.62,,56.19€,
,11,25,Rahwaj@co - PAYPAL,外注工賃,"16,304",グラフィックデザイン,161.73,,,
,11,26,Storage tokyo,雑費,"66,000",オフィス備品、販促ツール収納,,,,
,11,26,vodafone,通信費,"10,491",携帯（塩谷分）,180.79,,58.03€,
,11,27,EL Corte Ingles,雑費,"12,044",3Dプリント用スプールフィラメント,160.33,,,
,11,27,市営地下鉄TMB,旅費交通費,"1,635",往復（2名）,,,,
,11,25,給与,給料賃金,"250,000",Cormac Guerin分,,,,
,11,25,給与,給料賃金,"250,000",塩谷分,,,,
,11,3,社会保険料,法定福利費,"157,456",,,,,
,11,28,Glovo,会議費,"5,105",enbarr.aiプロジェクト打ち合わせ（2名）,181.60,,28.11€,
,11,30,Goolge Cloud,通信費,"36,805",クラウドコンピューティング,181.60,,€202.67,
,,,,,,,,,,
,,,,,,,,,,
,,,,,,,,,,
,12,1,QuickNode,通信費,"7,638",クラウドストレージ,155.87,,$49.00,
,12,1,Glovo,会議費,"2,653",enbarr.aiプロジェクト打ち合わせ（2名）,180.87,,14.67€,
,12,2,Mailgun inc.,通信費,"5,258",オンラインマーケティング,,,,
,12,3,Glovo,会議費,"4,308",enbarr.aiプロジェクト打ち合わせ（2名）,181.24,,23.77€,
,12,4,Glovo,会議費,"6,020",enbarr.aiプロジェクト打ち合わせ（2名）,181.11,,33.24€,
,12,１,市営地下鉄TMB（T-casual）,旅費交通費,"2,312",バルセロナ市内移動用 地下鉄・バス10回券（塩谷用）,184.22,,,
,12,１,市営地下鉄TMB（T-casual）,旅費交通費,"2,312",バルセロナ市内移動用 地下鉄・バス10回券（Cormac用）,,,,
,12,5,Discord,通信費,"4,295",オンラインマーケティング,155.12,,$27.69,
,12,6,Google play Japan　　,通信費,250,クラウドストレージ,,,,
,12,7,canva,通信費,"1,861",オンラインマーケティング,155.12,,$12.00,
,12,7,Glovo,会議費,"2,651",enbarr.aiプロジェクト打ち合わせ（2名）,180.68,,14.67€,
,12,10,サマリーポケット,雑費,"2,236",備品倉庫,,,,
,12,11,HONEST GREENS,接待交際費,"3,615",Metagamiプロジェクト打ち合わせ（3名）,159.94,,,
,12,11,Bockade Labs,通信費,"3,741",クラウドコンピューティング,155.87,,$24.00,
,12,11,Midjourney Inc,通信費,"11,503",オンラインマーケティング,155.87,,$73.80,
,12,13,LinkedIn,広告宣伝費,"20,921",営業・顧客獲得のためのプラットフォーム利用料,,,,
,12,17,Tripo AI,通信費,"3,078",クラウドコンピューティング,154.69,,$19.90,
,12,17,Trainline,旅費交通費,"11,520",列車の運賃（2名）,181.71,,€63.40,
,12,17,Trainline,旅費交通費,"11,121",列車の運賃（2名）,181.71,,€61.20,
,12,17,Som Energia Sccl,光熱費,"31,623",インターネット・電気,181.71,,€174.03,
,12,20,DUNNES STORES,消耗品費,"14,980",PC充電器（高出力タイプ）,182.73,,,
,12,23,Vodafone,通信費,"10,662",携帯電話（塩谷分）,184.46,,57.80€,
,12,30,vodafone,通信費,"10,358",携帯電話（Cormac 分）,184.33,,56.19€,
,12,25,給与,給料賃金,"250,000",Cormac Guerin分,,,,
,12,25,給与,給料賃金,"250,000",塩谷分,,,,
,12,3,社会保険料,法定福利費,"157,456",,,,,
,12,31,Goolge Cloud,通信費,"38,564",クラウドコンピューティング,184.33,,€209.21,
,,,,,,,,,,
,2026,,,,,,,,,
,1,1,QuickNode,通信費,"7,671",クラウドストレージ,156.56,,$49.00,
,1,2,Mailgun inc.,通信費,"5,258",オンラインマーケティング,,,,
,1,2,Glovo,会議費,"5,419",enbarr.aiプロジェクト打ち合わせ（2名）,184.33,,29.40€,
,1,3,Glovo,会議費,"6,267",enbarr.aiプロジェクト打ち合わせ（2名）,184.33,,34.00€,
,1,4,Glovo,会議費,"8,385",enbarr.aiプロジェクト打ち合わせ（2名）,184.33,,45.49€,
,1,7,Glovo,会議費,"8,274",enbarr.aiプロジェクト打ち合わせ（2名）,183.14,,45.18€,
,1,5,ドコモ,通信費,"7,429",携帯電話,,,,
,1,6,Discord,通信費,"4,339",オンラインマーケティング,156.71,,$27.69,
,1,7,canva,通信費,"1,880",オンラインマーケティング,156.66,,$12.00,
,1,9,El Corte Ingres,消耗品費,"8,058",USB-C ハブ,183.13,,,
,1,2,市営地下鉄TMB（T-casual）,旅費交通費,"2,312",バルセロナ市内移動用 地下鉄・バス10回券（塩谷用）,184.22,,,
,1,2,市営地下鉄TMB（T-casual）,旅費交通費,"2,312",バルセロナ市内移動用 地下鉄・バス10回券（Cormac用）,,,,
,1,11,Bockade Labs,通信費,"3,771",クラウドコンピューティング,157.14,,$24.00,
,1,11,Midjourney Inc,通信費,"11,597",オンラインマーケティング,157.14,,$73.80,
,1,13,LinkedIn,広告宣伝費,"21,092",営業・顧客獲得のためのプラットフォーム利用料,,,,
,1,15,vodafone,通信費,"9,356",携帯電話（塩谷分）,163.54,,58.47,
,1,16,サマリーポケット,雑費,"2,236",備品倉庫,,,,
,1,16,Google play Japan　　,通信費,290,クラウドストレージ,,,25.55,
,1,18,Glovo,会議費,"7,334",enbarr.aiプロジェクト打ち合わせ（2名）,184.19,,39.82€,
,1,26,谷澤佳彦税理士事務所,雑費,"9,979",年末調整・法定調書作成料,,,,
,1,15,Kinore Ltd.,外注工賃,"39,861",コンプライアンスコンサルティングサービス,162.85,,,
,1,15,Runpod,通信費,"31,716",クラウドコンピューティング,158.58,,$200.00,
,1,17,El Corte Ingres,消耗品費,"12,721",3Dプリント用スプールフィラメント,159.89,,,
,1,17,Tripo AI,通信費,"3,160",クラウドコンピューティング,158.77,,$19.90,
,1,20,Som Energia Sccl,光熱費,"31,397",インターネット・電気,184.09,,€170.55,
,1,20,Glovo,会議費,"6,491",enbarr.aiプロジェクト打ち合わせ（2名）,184.09,,35.26€,
,1,20,Docusign,通信費,"17,335",クラウドサービス,160.51,,,
,1,21,Anthropic,通信費,"41,052",クラウドコンピューティング,185.42,,€221.40,
,1,23,Vodafone,通信費,"10,470",携帯電話（Cormac 分）,186.33,,56.19€,
,1,24,FiverrEU,外注工賃,"16,894",グラフィックデザイン,162.88,,,
,1,24,Glovo,会議費,"7,472",enbarr.aiプロジェクト打ち合わせ（2名）,186.33,,40.10€,
,1,27,PETIT POT,会議費,"3,358",Absolute Internshipプロジェクト打ち合わせ（３名）,163.01,,,
,1,27,Glovo,会議費,"9,415",enbarr.aiプロジェクト打ち合わせ（2名）,183.25,,51.38€,
,1,28,Venice AI,通信費,"4,269",クラウドコンピューティング,152.47,,$28.00,
,1,28,Glovo,会議費,"3,186",enbarr.aiプロジェクト打ち合わせ（2名）,183.13,,17.40€,
,1,31,ドコモ,通信費,"6,856",携帯電話（塩谷 分）,160.36,,,
,1,25,給与,給料賃金,"250,000",Cormac Guerin分,,,,
,1,25,給与,給料賃金,"250,000",塩谷分,,,,
,1,3,社会保険料,法定福利費,"157,456",,,,,
,1,31,Goolge Cloud,通信費,"37,690",クラウドコンピューティング,183.36,,€205.55,
,,,,,,,,,,
,,,,,,,,,,
,2,1,Glovo,会議費,"2,824",enbarr.aiプロジェクト打ち合わせ（2名）,183.36,,15.40€,
,2,1,QuickNode,通信費,"7,529",クラウドストレージ,153.66,,$49.00,
,2,1,Mailgun inc.,通信費,"5,405",オンラインマーケティング,,,,
,2,１,市営地下鉄TMB（T-casual）,旅費交通費,"2,312",バルセロナ市内移動用 地下鉄・バス10回券（塩谷用）,184.22,,,
,2,１,市営地下鉄TMB（T-casual）,旅費交通費,"2,312",バルセロナ市内移動用 地下鉄・バス10回券（Cormac用）,,,,
,2,2,Google youtube,通信費,"1,280",情報収集、リサーチ、分析,,,,
,2,2,ドコモ,通信費,"7,429",携帯,,,,
,2,3,El Corte Ingres,消耗品費,"12,721",3Dプリント用スプールフィラメント,159.12,,,
,2,3,PETIT POT,接待交際費,"4,157",Absolute Internshipプロジェクト打ち合わせ（３名）,159.12,,,
,2,6,Google play Japan　　,通信費,290,クラウドストレージ,,,,
,2,5,Discord,通信費,"4,343",オンラインマーケティング,156.85,,$27.69,
,2,7,canva,通信費,"1,882",オンラインマーケティング,156.82,,$12.00,
,2,11,Bockade Labs,通信費,"3,748",クラウドコンピューティング,156.17,,$24.00,
,2,11,Midjourney Inc,通信費,"11,525",オンラインマーケティング,156.17,,$73.80,
,2,13,サマリーポケット,雑費,"2,236",備品倉庫,,,,
,2,13,LinkedIn,広告宣伝費,"20,848",営業・顧客獲得のためのプラットフォーム利用料,,,,
,2,14,Runpod,通信費,"30,590",クラウドコンピューティング,152.95,,$200.00,
,2,14,El Corte Ingres,雑費,"15,027",SDメモリーカード,159.85,,,
,2,14,市営地下鉄TMB,旅費交通費,"1,630",往復／２名分,159.85,,,
,2,16,Tripo AI,通信費,"3,181",クラウドコンピューティング,159.85,,,
,2,16,Som Energia Sccl,光熱費,"45,114",インターネット・電気,181.61,,€248.41,
,2,16,Glovo,会議費,"8,750",enbarr.aiプロジェクト打ち合わせ（2名）,181.61,,48.18€,
,2,17,El Corte Ingres,消耗品費,"18,907",メモリディスクドライブ,159.85,,,
,2,17,Tripo AI,通信費,"3,051",クラウドコンピューティング,153.34,,$19.90,
,2,20,Storage tokyo,雑費,"80,000",オフィス備品・販促ツール収納,,,,
,2,21,Glovo,会議費,"6,062",enbarr.aiプロジェクト打ち合わせ（2名）,182.58,,33.20€,
,2,21,Anthropic,通信費,"40,423",クラウドコンピューティング,182.58,,€221.40,
,2,22,vodafone,通信費,"9,596",携帯（Cormac 分）,182.58,,52.56€,
,2,24,Vodafone,通信費,"11,099",携帯（塩谷 分）,182.55,,60.80€,
,2,28,Goolge Cloud,通信費,"34,271",クラウドコンピューティング,183.82,,€186.44,
,2,28,スピーディー・トレーディング,雑費,"40,000",備品倉庫,,,,
,2,25,給与,給料賃金,"250,000",Cormac Guerin分,,,,
,2,25,給与,給料賃金,"250,000",塩谷分,,,,
,2,3,社会保険料,法定福利費,"157,456",,,,,
,,,,,,,,,,
,3,１,市営地下鉄TMB（T-casual）,旅費交通費,"2,312",バルセロナ市内移動用 地下鉄・バス10回券（塩谷用）,184.22,,,
,3,１,市営地下鉄TMB（T-casual）,旅費交通費,"2,312",バルセロナ市内移動用 地下鉄・バス10回券（Cormac用）,,,,
,3,1,QuickNode,通信費,"7,635",クラウドストレージ,155.81,,$49.00,
,3,1,Glovo,会議費,"3,195",enbarr.aiプロジェクト打ち合わせ（2名）,183.82,,17.38€,
,3,1,Google youtube,通信費,"1,280",情報収集、リサーチ、分析,,,,
,3,1,Runpod,通信費,"31,162",クラウドコンピューティング,155.81,,$200.00,
,3,2,Mailgun inc.,通信費,"5,446",オンラインマーケティング,,,,
,3,2,ドコモ,通信費,"7,428",携帯,,,,
,3,3,Glovo,会議費,"6,516",enbarr.aiプロジェクト打ち合わせ（2名）,184.13,,35.39€,
,3,5,Discord,通信費,"4,336",オンラインマーケティング,156.60,,$27.69,
,3,6,Google play Japan　　,通信費,290,クラウドストレージ,,,,
,3,6,Federal ,会議費,"3,930",コワーキングスペース利用料（執務場所および商談スペースとして）,182.8,,,
,3,7,canva,通信費,"1,889",オンラインマーケティング,157.45,,$12.00,
,2,11,Glovo,会議費,"2,615",enbarr.aiプロジェクト打ち合わせ（2名）,185.84,,14.07€,
,3,11,Bockade Labs,通信費,"3,798",クラウドコンピューティング,158.23,,$24.00,
,3,11,Midjourney Inc,通信費,"11,677",オンラインマーケティング,158.23,,$73.80,
,3,13,LinkedIn,広告宣伝費,"21,014",営業・顧客獲得のためのプラットフォーム利用料,,,,
,3,13,Correos（郵便局）,通信費,"2,904",書類発送代,183.48,,,
,3,13,サマリーポケット,雑費,"2,236",備品倉庫,,,,
,3,16,ETIHAD AIR,旅費交通費,"383,373",欧州出張航空券代,,,, 
,3,16,Som Energia Sccl,光熱費,"39,160",インターネット・電気,182.60,,€214.46,
,3,17,Tripo AI,通信費,"3,171",クラウドコンピューティング,159.37,,$19.90,
,3,21,Anthropic,通信費,"40,598",クラウドコンピューティング,183.37,,€221.40,
,3,22,som energia sccl,光熱費,"34,579",インターネット・電気,161.75,,,
,3,23,Vodafone,通信費,"10,342",携帯（Cormac 分）,184.05,,56.19€,
,3,24,Vodafone,通信費,"11,169",携帯（塩谷 分）,183.70,,60.80€,
,3,31,ドコモ,通信費,"7,648",携帯,,,,
,3,31,Goolge Cloud,通信費,"37,839",クラウドコンピューティング,183.41,,€206.31,
,3,25,給与,給料賃金,"250,000",Cormac Guerin分,,,,
,3,25,給与,給料賃金,"250,000",塩谷分,,,,
,3,3,社会保険料,法定福利費,"157,456",,,,,
,合計,,,,"11,526,500",,,,,
